X_mm,Y_mm,Mean_Delta,Abs_Delta,Std_Delta,Count
94.559,-94.92,11.005,11.005,2.289,8.0
94.559,18.984,10.999,10.999,2.339,8.0
72.375,-67.8,9.9,9.9,2.349,8.0
-94.005,-56.952,11.659,11.659,2.61,8.0
16.915,94.92,11.395,11.395,2.766,8.0
94.559,62.376,9.574,9.574,2.768,8.0
16.915,-18.984,10.243,10.243,2.816,8.0
-16.361,-56.952,10.255,10.255,2.859,8.0
0.277,-2.712,12.011,12.011,2.91,8.0
55.737,56.952,11.871,11.871,2.914,8.0
